year_Q,quarterly_MWh,interest_rates_T10YIE,interest_rates_IORB,interest_rates_SOFR,interest_rates_RRPONTSYAWARD,interest_rates_EFFR,interest_rates_FEDFUNDS,interest_rates_DFF,interest_rates_MORTGAGE30US,interest_rates_MORTGAGE15US,interest_rates_MORTGAGE5US,interest_rates_T10Y2Y,interest_rates_T10Y3M,interest_rates_GS10,interest_rates_GS2,interest_rates_GS3M,interest_rates_BAA,interest_rates_AAA,interest_rates_TEDRATE,interest_rates_PRIME,interest_rates_T5YIE,gdp_income_GDP,gdp_income_GDPC1,gdp_income_GDPPOT,gdp_income_PCE,gdp_income_PCEC,gdp_income_DPI,gdp_income_DSPIC96,gdp_income_W875RX1,gdp_income_TOTALSL,gdp_income_GDPDEF,gdp_income_A939RX0Q048SBEA,gdp_income_PSAVERT,gdp_income_RRSFS,gdp_income_A191RL1Q225SBEA,gdp_income_MEHOINUSA672N,employment_ICSA,employment_PAYEMS,employment_UNRATE,employment_JTSJOL,employment_CES0500000003,price_indices_CPIAUCSL,price_indices_CPILFESL,price_indices_PCEPI,price_indices_PCEPILFE,price_indices_WPSFD49207,price_indices_MICH,price_indices_PPIFGS,price_indices_CPIENGSL,price_indices_CPIFABSL,exchange_rates_DEXUSEU,exchange_rates_DEXKOUS,exchange_rates_DTWEXBGS,exchange_rates_DTWEXM,liquidity_and_reserves_WM2NS,liquidity_and_reserves_TREAST,liquidity_and_reserves_WLCFLL,liquidity_and_reserves_WDTGAL,liquidity_and_reserves_WRBWFRBL,liquidity_and_reserves_WLRRAL,auto_loans_TERMCBAUTO48NS,auto_loans_RIFLPBCIANM60NM,auto_loans_RIFLPBCIANM72NM,auto_loans_RIELPCFAUNQ,auto_loans_CARACBW027SBOG,auto_loans_RIELPCFANNM,auto_loans_DTCTLVEUANQ,auto_loans_STDSAUTO,auto_loans_BOGZ1FL673066000Q
2015_Q1,0.0,1.6926666666666668,0.15,1.8300000000000005,0.05,0.1161111111111111,0.11333333333333331,0.11288888888888879,3.7158888888888884,3.0095555555555555,2.9315555555555552,1.365,1.948111111111111,1.9842222222222223,0.5987777777777777,0.0232222222222222,4.508666666666667,3.5876666666666663,0.2354444444444444,3.5,1.3472222222222223,18277.381166666662,18780.95831111111,18961.98024233333,12165.39,12262.53581111111,13486.650433333334,13834.023333333334,13070.697777777776,3359646.452777778,97.31882222222222,58373.16666666666,6.076666666666666,183019.64444444445,2.5122222222222224,73492.0,290255.5555555556,140976.98888888888,5.437777777777778,5429.0,24.845,235.82596666666663,240.7407,96.9697,96.4762,193.5155555555556,2.792222222222222,192.82555555555555,204.02314444444443,245.79033333333328,1.1262777777777775,1101.445,105.44957,89.41234,11864.254444444445,2460367.1333333333,30.066666666666663,111159.74444444444,2633781.9111111118,275217.0111111111,4.285111111111111,4.231333333333334,4.52,14.576000000000002,360.0585322222222,5.253333333333334,16960.84455555555,-6.084444444444444,29871.977777777774
2015_Q2,0.0,1.8621978021978027,0.15,1.83,0.0499999999999999,0.1268131868131868,0.1265934065934066,0.1256043956043956,3.8401098901098902,3.070439560439561,2.914615384615385,1.5515384615384615,2.145164835164836,2.2898901098901097,0.6556043956043955,0.0231868131868131,5.066043956043956,4.100659340659341,0.2614285714285714,3.5,1.6269230769230771,18400.28707692308,18856.591901098906,19055.80731824176,12314.264835164831,12381.193406593407,13597.048604395604,13881.015384615386,13120.43956043956,3422262.1830769232,97.58016483516484,58484.791208791205,5.703296703296704,184872.0879120879,1.60989010989011,73520.0,277945.05494505493,141736.85714285713,5.368131868131868,5613.186813186813,24.98186813186813,237.54510989010993,242.0918131868132,97.47741758241756,96.87178021978022,195.73736263736265,2.763736263736264,196.1604395604396,210.7944945054945,246.36585714285715,1.1063,1097.3589010989012,106.04523516483518,89.93471978021978,11967.284615384617,2460399.186813187,103.010989010989,185730.4835164835,2605219.4945054944,264082.6153846154,4.110439560439561,4.236373626373626,4.52,13.956923076923074,366.7477945054945,5.233406593406594,17245.18571428571,-3.231868131868132,27352.285714285717
2015_Q3,0.0,1.6528260869565217,0.15,1.83,0.05,0.1354347826086956,0.1335869565217391,0.1347826086956521,3.940978260869565,3.1406521739130437,2.93304347826087,1.5297826086956523,2.17554347826087,2.1401086956521738,0.6841304347826087,0.0369565217391304,5.287934782608696,4.022934782608695,0.2698913043478261,3.5,1.295,18434.77275,18891.82786956521,19149.94603836957,12392.147826086955,12422.90888043478,13664.073793478265,13966.997826086958,13199.26304347826,3482802.029130435,97.58102173913043,58470.17391304349,5.730434782608695,185140.70652173916,0.7097826086956521,73520.0,273336.95652173914,142317.19565217392,5.035869565217391,5576.934782608696,25.13054347826087,237.7581739130435,243.2821739130435,97.5238804347826,97.15654347826089,193.58478260869563,2.768478260869565,193.7217391304348,200.70719565217397,247.8340652173913,1.112444565217391,1169.5005434782609,109.59770326086957,91.55820978260869,12084.21304347826,2461676.6739130435,234.44565217391303,165593.14130434784,2601276.1086956523,282619.5652173913,4.031304347826087,4.119565217391305,4.428695652173913,13.900543478260872,373.2181467391304,4.954673913043478,16941.373043478263,-9.629347826086956,26365.53260869565
2015_Q4,0.0,1.5256521739130435,0.15,1.83,0.0826086956521739,0.1615217391304347,0.2308695652173913,0.1610869565217391,3.900760869565217,3.1268478260869568,2.9767391304347828,1.3513043478260869,2.0603260869565214,2.1959782608695653,0.9165217391304349,0.2038043478260869,5.455434782608696,4.009891304347826,0.2833695652173913,3.538043478260869,1.2241304347826087,18524.946086956523,19000.499956521737,19244.19761195652,12450.153260869569,12522.07118478261,13781.077195652171,14056.86195652174,13266.16847826087,3444912.2361956523,97.49692391304346,58701.45652173913,5.830434782608696,185279.13043478265,2.2826086956521734,73520.0,269000.0,143024.3152173913,4.968478260869565,5852.510869565217,25.28858695652174,237.81141304347824,244.56846739130435,97.49690217391304,97.4283695652174,191.58695652173915,2.6021739130434782,191.7195652173913,190.2770652173913,247.93970652173917,1.0952652173913042,1156.3906521739132,111.49437173913044,92.92029782608697,12309.217391304348,2461697.2717391304,167.2826086956522,147848.30434782608,2563894.2934782607,320350.9456521739,4.110869565217391,4.089130434782609,4.184347826086956,14.434130434782608,381.8037880434782,5.101739130434782,16673.328478260868,-6.336956521739131,25603.260869565216
2016_Q1,0.0,1.4293406593406592,0.15,1.83,0.25,0.3652747252747253,0.3698901098901098,0.3597802197802198,3.738461538461539,3.022307692307692,2.900769230769231,1.0806593406593408,1.6326373626373625,1.8283516483516478,0.7928571428571429,0.2798901098901099,5.0929670329670325,3.803736263736264,0.3367032967032967,3.75,1.2326373626373626,18709.660582417582,19062.03846153846,19338.705347252748,12566.873626373626,12663.563912087911,13841.17543956044,14125.582417582418,13279.358241758242,3462842.867142857,98.15171428571428,58786.08791208791,5.668131868131868,186060.7032967033,1.310989010989011,74795.82417582418,270615.3846153846,143633.7912087912,4.996703296703297,5897.945054945055,25.451648351648352,238.12250549450553,245.9755164835165,97.69887912087913,97.90436263736264,189.87252747252748,2.662637362637363,191.2,181.7565054945055,247.95584615384612,1.1023956043956045,1199.679120879121,113.77294615384616,93.09357142857142,12574.087912087913,2461276.8571428573,40.82417582417583,277576.1538461539,2440432.4725274723,305329.1098901099,4.273736263736264,4.135934065934066,4.08,13.886153846153846,389.7124010989011,5.180769230769231,16746.09912087912,-3.332967032967033,28749.945054945056
2016_Q2,0.0,1.5557142857142856,0.15,1.83,0.25,0.3684615384615384,0.3797802197802198,0.3693406593406593,3.5892307692307686,2.850769230769231,2.8046153846153845,0.9791208791208793,1.489120879120879,1.6532967032967032,0.7409890109890109,0.2824175824175824,4.483516483516484,3.4806593406593405,0.382967032967033,3.75,1.4752747252747254,18890.65068131868,19196.45196703297,19433.025875274725,12712.131868131868,12795.675428571429,13966.721307692307,14119.406593406593,13285.892307692307,3522869.8161538457,98.40724175824175,59080.73626373626,5.102197802197803,186897.13186813187,2.8824175824175824,74810.0,267395.6043956044,144180.8901098901,4.837362637362637,5824.318681318681,25.628131868131867,239.95069230769232,247.48837362637366,98.27006593406594,98.394989010989,191.94945054945055,2.5681318681318683,191.2,190.18457142857145,247.47197802197803,1.1296,1162.314175824176,110.9507252747253,89.47795714285714,12769.51208791209,2461714.1208791207,88.74725274725274,296063.5824175824,2385947.846153846,295500.2527472528,4.277252747252748,4.215934065934066,4.11956043956044,12.95032967032967,397.9463824175824,5.020879120879122,17236.154285714285,7.974725274725274,30661.153846153848
2016_Q3,0.0008594449418084153,1.480217391304348,0.15,1.83,0.25,0.3967391304347826,0.3998913043478261,0.394891304347826,3.445869565217391,2.749673913043478,2.7733695652173918,0.8354347826086956,1.2594565217391305,1.6459782608695652,0.7808695652173914,0.3060869565217391,4.307499999999999,3.409782608695652,0.4882608695652174,3.75,1.3444565217391304,19087.24052173913,19303.19532608696,19527.03633771739,12832.341304347823,12920.63179347826,14121.613141304348,14205.940217391306,13376.494565217392,3583606.669021739,98.88082608695652,59293.69565217392,5.163043478260869,187542.4782608696,2.207608695652174,74810.0,257543.4782608696,144890.5760869565,4.932608695652174,5717.347826086957,25.789891304347822,241.1297934782609,248.7843695652174,98.66314130434785,98.82657608695652,192.675,2.4369565217391305,191.2,192.2163260869565,247.5315978260869,1.1161217391304348,1119.559239130435,112.05116086956524,90.18792717391304,12947.658695652177,2463165.032608696,218.25,286575.2826086957,2299824.7717391304,355718.42391304346,4.380434782608695,4.119565217391305,4.107391304347826,12.791630434782608,404.520720652174,4.967391304347827,17517.873913043477,3.3521739130434782,30483.184782608696
2016_Q4,0.11427636526410026,1.8106521739130432,0.15,1.83,0.296195652173913,0.44989130434782604,0.5305434782608696,0.4481521739130434,3.8552173913043477,3.1125000000000003,3.038586956521739,1.127717391304348,1.703478260869565,2.3445652173913047,1.1252173913043475,0.4910869565217391,4.729239130434783,3.940978260869565,0.49076086956521725,3.7934782608695654,1.6703260869565215,19278.011119565217,19397.32135869565,19621.14886380435,12985.195652173914,13095.400380434785,14350.559641304348,14318.902173913046,13495.598913043475,3635434.8860869566,99.38452173913043,59491.84782608696,5.235869565217391,189122.71739130435,2.002173913043478,74810.0,252076.08695652173,145400.20652173914,4.702173913043478,5849.152173913043,25.942391304347822,242.74127173913044,249.94198913043476,99.13542391304348,99.16593478260867,194.93478260869568,2.4,191.2,200.3257717391305,247.64968478260872,1.0775967391304349,1158.9231521739132,115.91075760869565,93.66740326086956,13191.68913043478,2463606.4239130435,65.48913043478261,374936.0,2088539.5108695645,441580.7173913043,4.495652173913043,4.154347826086957,4.200869565217391,13.334021739130437,408.88632500000006,4.992173913043478,17183.695652173916,11.608695652173912,34208.04347826087
2017_Q1,0.28970564010743066,2.0064444444444445,0.15,1.8300000000000005,0.5444444444444444,0.7013333333333334,0.7803333333333333,0.698888888888889,4.171666666666667,3.394,3.214111111111111,1.2016666666666669,1.8401111111111108,2.3987777777777777,1.2476666666666667,0.6916666666666667,4.629333333333333,3.941666666666667,0.47322222222222216,4.041666666666667,1.8665555555555557,19436.881233333334,19505.742266666668,19716.02927211111,13131.081111111112,13187.714177777778,14536.706522222223,14465.665555555554,13636.476666666666,3684335.0439999998,99.64711111111112,59733.31111111112,5.63,190316.2111111111,2.2966666666666664,75779.11111111111,234666.66666666663,145991.86666666667,4.472222222222222,5940.755555555556,26.115,244.02855555555558,251.05163333333329,99.61496666666666,99.59997777777777,197.4622222222222,2.5700000000000003,191.2,203.2544,248.9532555555556,1.0659066666666668,1151.1477777777775,116.5160366666667,94.31999555555556,13366.363333333333,2463644.788888889,13.577777777777778,224603.6222222222,2231804.755555556,426001.3888888889,4.616666666666666,4.229333333333333,4.382444444444444,13.695999999999998,411.62806,5.2700000000000005,17078.747555555557,11.502222222222224,34490.28888888889
2017_Q2,0.27865067144136074,1.8234065934065933,0.15,1.83,0.7939560439560439,0.951098901098901,1.0306593406593407,0.9473626373626375,3.9784615384615387,3.2361538461538464,3.134065934065934,0.9662637362637365,1.3575824175824176,2.268901098901099,1.3352747252747252,0.9936263736263737,4.437912087912087,3.7445054945054954,0.3107692307692308,4.291208791208791,1.7085714285714284,19689.80431868132,19659.0757032967,19813.43108516484,13219.154945054946,13323.566813186811,14690.427912087915,14628.085714285717,13801.261538461538,3728578.806263736,100.15637362637364,60095.01098901099,6.095604395604396,190195.0,3.1901098901098903,75790.0,240098.9010989011,146571.81318681315,4.334065934065934,6123.384615384615,26.2712087912088,244.1364065934066,251.71228571428568,99.74964835164836,99.91373626373624,196.21978021978023,2.598901098901099,191.2,197.4977802197802,249.71398901098902,1.100342857142857,1129.2495604395606,113.91160659340662,92.921210989011,13523.861538461537,2464754.6483516484,71.64835164835165,183443.27472527476,2223369.3846153845,421315.7032967033,4.505164835164835,4.319120879120879,4.555494505494505,13.353846153846154,412.418256043956,5.555824175824176,17318.364945054946,7.741758241758243,31788.054945054944
2017_Q3,0.20303043867502238,1.7907608695652173,0.15,1.83,1.0,1.1549999999999998,1.1533695652173912,1.1536956521739128,3.8822826086956526,3.165217391304348,3.175869565217391,0.8771739130434781,1.1891304347826088,2.255108695652174,1.42,1.056304347826087,4.310652173913043,3.6213043478260873,0.278804347826087,4.5,1.6420652173913042,20033.343510869563,19879.943456521734,19913.18319695652,13383.80108695652,13548.940826086957,14869.817206521742,14709.596739130433,13907.215217391304,3775446.8913043486,100.7713043478261,60667.75,6.0,192013.96739130435,4.584782608695652,75790.0,257750.0,147019.86956521738,4.302173913043478,6332.021739130435,26.45119565217391,246.04951086956518,252.9347391304348,100.3091195652174,100.27393478260868,198.62065217391304,2.5706521739130435,191.2,207.35727173913045,250.52508695652176,1.1750141304347823,1131.5028260869565,109.97647173913045,88.27774239130436,13652.978260869566,2465271.836956522,206.0217391304348,127306.1739130435,2288430.2717391304,391501.1304347826,4.674347826086956,4.457826086956522,4.642608695652174,13.49836956521739,415.7950630434783,5.392717391304348,17458.02467391304,9.77717391304348,21468.07608695652
2017_Q4,0.38980053715308866,1.874891304347826,0.15,1.83,1.048913043478261,1.2079347826086957,1.2870652173913044,1.2046739130434785,3.924565217391304,3.2965217391304344,3.2773913043478258,0.6731521739130435,1.1392391304347826,2.441413043478261,1.8516304347826085,1.336304347826087,4.250978260869565,3.5442391304347827,0.2567391304347826,4.546195652173913,1.7493478260869566,20325.384902173915,20042.319119565214,20015.431479130435,13633.566304347827,13742.968858695653,15130.219891304348,14817.257608695654,14043.373913043473,3831059.534782609,101.41203260869564,61088.44565217392,5.441304347826088,194350.11956521735,3.3141304347826086,75790.0,244163.0434782609,147513.0760869565,4.102173913043478,6407.815217391304,26.62760869565217,247.9603260869565,254.4376304347826,100.89191304347828,100.73664130434784,201.7380434782609,2.6293478260869567,191.2,214.40929347826085,251.5203478260869,1.1782793478260871,1104.2655434782607,110.94138913043481,88.81677391304348,13844.460869565217,2458533.6304347827,91.78260869565216,158791.5760869565,2275877.065217391,333615.847826087,4.764347826086956,4.6665217391304346,4.712173913043479,14.202282608695654,419.5589369565217,5.273695652173913,17309.103043478262,4.953260869565218,19488.510869565216
2018_Q1,0.8338405550581915,2.0773333333333333,0.15,1.8300000000000005,1.2777777777777777,1.448111111111111,1.5378888888888889,1.4469999999999998,4.296,3.754888888888889,3.5844444444444443,0.5955555555555556,1.1663333333333332,2.854,2.276111111111111,1.6984444444444446,4.601,3.8425555555555553,0.3643333333333333,4.775,1.9766666666666668,20578.10801111111,20149.29378888889,20120.503288777774,13788.495555555555,13889.669333333331,15346.666922222223,14966.123333333337,14096.748888888886,3873986.1877777777,102.12803333333332,61333.3,5.896666666666667,193806.24444444448,2.1133333333333337,81149.77777777778,226955.5555555556,148242.6,4.0344444444444445,6743.855555555556,26.83066666666667,249.76915555555556,256.18592222222225,101.56385555555556,101.3993,202.79333333333332,2.7311111111111117,191.2,218.4037333333333,252.28262222222224,1.2288311111111112,1071.1253333333334,108.00788,86.11182,13925.574444444443,2433594.2666666666,39.52222222222223,235121.8333333333,2199723.466666667,272562.7888888889,4.939777777777778,4.9046666666666665,4.875333333333334,14.28911111111111,421.95338444444445,5.546666666666667,17551.64622222222,6.482222222222222,6961.522222222222
2018_Q2,1.4248073410922115,2.127032967032967,0.15,1.7716483516483514,1.5467032967032968,1.7368131868131866,1.807692307692308,1.7369230769230768,4.547252747252747,4.017252747252747,3.7610989010989013,0.44131868131868124,1.035934065934066,2.9262637362637367,2.547252747252747,1.941098901098901,4.815494505494505,3.943296703296703,0.49087912087912094,5.043956043956044,2.072967032967033,20796.336395604398,20274.77292307692,20226.959808571428,13935.164835164836,14000.980263736265,15560.714362637362,15118.635164835165,14227.387912087912,3908713.385164836,102.57215384615384,61618.85714285714,6.261538461538461,195883.16483516485,2.495604395604396,81210.0,221846.15384615384,148900.34065934067,3.8703296703296703,7142.824175824175,27.03450549450549,250.99726373626373,257.4024175824176,102.03151648351648,101.8814065934066,204.04835164835168,2.898901098901099,191.2,220.6353076923077,252.98103296703297,1.191724175824176,1079.9574725274726,110.66366813186814,88.29472857142858,14050.624175824176,2391858.3076923075,112.24175824175823,335673.8571428572,2026115.1098901096,250363.96703296705,5.05,4.9702197802197805,5.108241758241759,13.805384615384616,422.7903307692308,6.246043956043956,18203.863626373623,-3.39010989010989,6262.208791208791
2018_Q3,2.839140823634736,2.1120652173913044,0.15,1.9368478260869566,1.7608695652173916,1.9267391304347827,2.0117391304347825,1.9261956521739128,4.572608695652174,4.03858695652174,3.888804347826087,0.2582608695652174,0.8471739130434782,3.009021739130435,2.7528260869565218,2.1721739130434785,4.901847826086956,3.995543478260869,0.2952173913043478,5.258152173913044,2.0114130434782607,20916.572032608696,20304.56182608696,20333.936022934784,14036.635869565218,14098.144652173913,15768.706217391304,15248.83369565217,14359.41304347826,3959208.401956521,103.01419565217392,61619.032608695656,6.697826086956522,195780.88043478265,0.6206521739130435,81210.0,207576.08695652173,149380.66304347827,3.766304347826087,7306.467391304347,27.29630434782609,252.1825760869565,258.3730543478261,102.39997826086956,102.18990217391304,205.55869565217392,2.866304347826087,191.2,224.1672065217392,253.92275,1.1628021739130434,1120.9664130434785,113.67264782608693,90.17559456521738,14169.385869565218,2331309.5217391304,280.5652173913044,333759.402173913,1914493.3152173916,241156.33695652173,5.206521739130435,5.220869565217392,5.4769565217391305,14.245108695652174,421.9807902173913,6.515108695652174,18428.31282608696,3.5228260869565213,5495.358695652174
2018_Q4,3.9924261414503133,1.9786956521739127,0.15,2.2610869565217397,2.032608695652174,2.2208695652173915,2.2879347826086955,2.220108695652174,4.7751086956521736,4.204782608695653,4.070652173913044,0.2371739130434782,0.6706521739130435,2.892065217391304,2.6969565217391307,2.3984782608695654,5.156413043478261,4.059347826086956,0.3163043478260869,5.470108695652174,1.8128260869565216,21109.49420652174,20430.26309782609,20441.859840978257,14100.206521739128,14149.636739130434,15994.844793478263,15449.231521739131,14533.10108695652,4008084.926956522,103.32464130434782,61935.52173913043,7.741304347826087,195101.85869565216,2.4793478260869564,81210.0,221423.91304347827,149822.75,3.897826086956521,7526.608695652174,27.527282608695653,252.64158695652176,260.06952173913044,102.65864130434782,102.71469565217392,204.07717391304345,2.735869565217392,191.2,212.3763260869565,255.54558695652176,1.1410826086956525,1126.825,115.75063152173914,91.4984891304348,14315.539130434783,2262325.7391304346,134.55434782608697,344713.2173913043,1764078.956521739,235399.7934782609,5.42695652173913,5.281739130434783,5.519130434782609,15.061086956521738,423.3333347826087,6.628260869565218,18103.841847826086,1.9184782608695645,4740.20652173913
2019_Q1,4.1223633840644585,1.859111111111111,0.15,2.4306666666666668,2.25,2.401111111111111,2.409777777777778,2.401777777777778,4.358,3.799111111111111,3.8581111111111115,0.167,0.21344444444444444,2.596111111111111,2.419111111111111,2.439555555555556,4.834333333333333,3.7520000000000002,0.2961111111111111,5.25,1.7315555555555555,21394.756466666666,20600.37906666667,20549.91402011111,14215.386666666669,14348.434544444446,16074.076400000002,15553.296666666665,14643.974444444446,4052989.5068888892,103.85606666666666,62380.04444444445,8.012222222222222,195325.3777777778,3.39,79578.33333333333,218066.66666666663,150312.48888888888,3.768888888888889,7217.6,27.74711111111111,254.24662222222216,261.5702,103.08106666666669,103.0921888888889,205.08666666666664,2.536666666666666,191.2,214.9728444444445,257.1139111111111,1.1350900000000002,1124.9511111111112,114.56365888888891,91.48190777777778,14485.873333333337,2195345.177777778,16.1,327578.0,1648677.4222222222,248952.82222222222,5.403333333333332,5.317333333333333,5.363333333333333,15.060111111111114,427.6786822222223,6.546666666666667,18118.742222222223,1.801111111111111,4106.033333333334
2019_Q2,3.9416238585496868,1.8196703296703296,0.15,2.427912087912088,2.25,2.397692307692308,2.39010989010989,2.397362637362637,3.9998901098901096,3.452087912087912,3.620769230769231,0.2114285714285714,-0.0197802197802197,2.1806593406593406,1.957252747252748,2.2593406593406598,4.461318681318682,3.4639560439560446,0.2009890109890109,5.25,1.6975824175824177,21713.66294505494,20840.67313186813,20657.811097032965,14416.952747252746,14546.11035164835,16220.439329670331,15558.15274725275,14651.304395604398,4097768.089230769,104.18837362637362,63015.0,7.075824175824177,198192.7032967033,4.7846153846153845,79560.0,218593.4065934066,150795.34065934067,3.6329670329670334,7173.120879120879,27.95406593406594,255.42828571428566,262.7311648351648,103.51046153846151,103.53205494505494,205.93626373626373,2.731868131868132,191.2,217.4175824175824,257.6652307692308,1.1239296703296704,1166.7824175824176,115.4421087912088,92.16692197802196,14660.886813186811,2124040.901098901,64.5934065934066,281395.4285714286,1531193.2747252746,267788.1098901099,5.297252747252747,5.30065934065934,5.474835164835165,14.585274725274727,435.2654373626373,6.581208791208791,18665.68516483516,3.4813186813186814,3538.230769230769
2019_Q3,4.125356222023276,1.6394565217391306,0.15,2.273260869565217,2.045108695652174,2.196195652173913,2.00804347826087,2.1921739130434785,3.6551086956521743,3.128478260869565,3.3968478260869563,0.11086956521739129,-0.2369565217391304,1.683478260869565,1.593586956521739,1.8738043478260866,3.9036956521739135,3.009673913043478,0.2097826086956521,5.057065217391305,1.4485869565217393,21930.868673913043,20983.903152173916,20762.838084891308,14587.102173913046,14699.37760869565,16362.151489130436,15691.544565217391,14754.406521739127,4147421.0502173915,104.51247826086956,63356.32608695651,6.995652173913043,199134.7608695652,2.821739130434782,79560.0,209695.65217391303,151324.91304347827,3.567391304347826,7193.315217391304,28.173913043478265,256.5189456521739,264.3872282608696,103.76856521739133,103.8941304347826,205.81630434782608,2.6695652173913045,191.2,214.04554347826087,258.55042391304346,1.1115489130434784,1194.7061956521738,116.5284695652174,92.22858369565216,14915.556521739129,2094654.9130434787,112.18478260869567,198076.41304347827,1488682.6630434785,295120.2282608696,5.387391304347826,5.335217391304347,5.266521739130434,14.17445652173913,442.8854347826087,6.288043478260869,18875.075760869568,0.0380434782608695,3114.586956521739
2019_Q4,4.668306445837064,1.6430434782608696,0.15,1.666956521739131,1.5315217391304348,1.6483695652173913,1.5530434782608695,1.6456521739130436,3.703260869565217,3.158478260869565,3.398369565217391,0.2039130434782609,0.1938043478260869,1.8089130434782612,1.58,1.5646739130434784,3.864782608695652,3.004021739130435,0.3542391304347825,4.418478260869565,1.5259782608695651,21729.891347826087,20696.41419565217,20866.154098913044,14774.254347826089,14498.45320652174,16519.721380434785,15768.75,14868.73695652174,4187501.4916304345,104.99375,62425.27173913043,6.706521739130435,199212.69565217392,-5.409782608695652,79560.0,224554.3478260869,151825.52173913043,3.6,6907.684782608696,28.381195652173915,258.5229782608696,266.0765,104.24392391304347,104.2954347826087,207.91304347826087,2.4347826086956523,191.2,219.5348478260869,260.1601304347826,1.1076043478260869,1174.5646739130434,116.37900543478261,92.20499782608697,15282.321739130435,2222246.3695652173,40.75,358714.60869565216,1551625.793478261,286962.98913043475,5.345652173913043,5.226521739130435,5.286086956521739,14.308478260869569,450.1629434782608,6.116521739130435,18984.314130434785,8.803260869565218,2786.554347826087
2020_Q1,4.199340644583706,1.4323076923076925,0.15,1.2273626373626374,1.1324175824175824,1.2365934065934066,0.778901098901099,1.254945054945055,3.5001098901098904,2.9643956043956043,3.255164835164835,0.2739560439560439,0.24010989010989006,1.0251648351648353,0.6857142857142858,0.6834065934065934,3.9998901098901096,2.742857142857143,0.43109890109890103,3.9945054945054954,1.2892307692307692,19955.138648351647,19074.601846153844,20969.288487912087,13650.863736263736,13190.148978021978,18069.66643956044,16545.342857142856,14518.805494505497,4189714.1449450543,104.61625274725274,57494.67032967033,17.13296703296703,179366.81318681315,-27.851648351648354,79263.2967032967,1060626.3736263737,144634.7032967033,7.513186813186814,5848.087912087912,29.097032967032966,257.8136373626374,266.72672527472525,104.20887912087912,104.51270329670332,201.58901098901097,2.2384615384615385,191.2,199.8856043956044,263.1612747252747,1.1028835164835165,1194.2951648351648,117.71228131868132,90.8221,15636.290109890107,2549061.461538461,19107.043956043955,404274.5604395605,1813012.7472527472,267649.6373626374,5.1862637362637365,5.143516483516484,5.243846153846154,14.230879120879122,456.1455703296703,5.691538461538461,19008.524065934067,15.921978021978022,2495.197802197802
2020_Q2,3.270271486123545,1.171868131868132,0.15,0.0492307692307692,0.0,0.058571428571428504,0.0729670329670329,0.0587912087912088,3.2249450549450547,2.693406593406593,3.176483516483517,0.4969230769230769,0.5464835164835166,0.6743956043956044,0.1709890109890109,0.1403296703296703,3.6424175824175835,2.364065934065934,0.46021978021978033,3.5,0.8556043956043956,21665.330043956044,20532.395461538465,21070.648996153846,13844.619780219778,14463.720956043957,17591.5268021978,17127.614285714284,14367.224175824173,4138323.776373626,105.51694505494504,61856.92307692308,19.80879120879121,196958.7252747253,34.504395604395604,79260.0,2573571.4285714286,136569.45054945056,11.51208791208791,6069.615384615385,29.502527472527472,257.0395824175824,266.1945714285714,104.22874725274724,104.59249450549451,201.06703296703296,3.0560439560439563,191.2,186.83026373626373,268.032,1.101520879120879,1219.2335164835165,121.83206263736265,90.8221,17671.74065934066,4024647.626373626,110089.94505494506,1237815.065934066,3111665.4175824174,263657.62637362635,5.031098901098901,5.034505494505495,5.183186813186813,12.706923076923076,455.02988131868136,4.8573626373626375,19900.531648351647,54.96703296703296,2250.6813186813188
2020_Q3,10.12878733213966,1.590217391304348,0.15,0.0929347826086956,0.0,0.0930434782608695,0.0933695652173913,0.0926086956521739,2.9411956521739127,2.4526086956521738,2.9653260869565217,0.5106521739130435,0.5373913043478261,0.7039130434782609,0.1398913043478261,0.103695652173913,3.354347826086957,2.30054347826087,0.1376086956521739,3.5,1.4641304347826083,22064.590739130435,20769.268195652174,21173.215473586955,14613.01195652174,14749.74614130435,17307.94777173913,16571.85,14900.370652173911,4160850.9326086957,106.23620652173912,62537.06521739129,13.26304347826087,206611.4239130435,4.734782608695652,79260.0,1019260.8695652173,141640.03260869565,7.744565217391305,6574.04347826087,29.517934782608695,259.851152173913,268.8616086956522,105.00609782608696,105.35934782608696,203.1391304347826,2.7728260869565218,191.2,195.32190217391303,268.52610869565217,1.1694358695652174,1187.6445652173911,117.3764,90.8221,18382.120652173915,4340001.793478261,84269.43478260869,1682689.608695652,2799775.163043478,212524.28260869565,4.960434782608695,4.862608695652174,5.1378260869565215,12.986739130434785,458.5779076086957,5.008369565217392,20633.217391304348,13.955434782608695,1866.1956521739132
2020_Q4,15.510925828111013,1.7809782608695655,0.15,0.086195652173913,0.0,0.0890217391304347,0.09,0.0888043478260869,2.7528260869565218,2.283695652173913,2.880760869565217,0.7139130434782609,0.7705434782608696,0.9571739130434784,0.1469565217391304,0.0868478260869565,3.236304347826087,2.336413043478261,0.1315217391304347,3.5,1.6867391304347827,22650.40141304348,21055.26282608696,21276.579532500004,14867.846739130433,15253.919445652173,19582.715967391305,16951.657608695652,15077.052173913044,4182805.3914130437,107.5753695652174,63408.5,14.221739130434786,207656.65217391303,5.586956521739131,79260.0,795413.0434782609,142727.73913043478,6.604347826086957,6929.652173913043,29.81836956521739,261.83782608695657,270.23290217391303,105.65511956521738,105.90030434782608,206.54565217391303,2.765217391304348,191.2,204.56815217391303,269.8743804347826,1.1926369565217392,1117.424130434783,113.91181521739134,90.8221,18972.99782608696,4582302.173913044,65831.35869565218,1598596.543478261,3039458.152173913,194562.36956521735,5.119565217391305,4.904347826086957,4.979565217391304,13.57358695652174,463.2576913043478,4.978695652173913,20454.431956521737,-6.777173913043479,1861.0108695652175
2021_Q1,18.761961011638316,2.1807777777777777,0.15,0.0428888888888888,0.0,0.0768888888888888,0.0736666666666666,0.0768888888888888,2.896111111111111,2.288222222222222,2.8283333333333336,1.1942222222222223,1.2724444444444445,1.4935555555555555,0.1427777777777777,0.0306666666666666,3.5775555555555556,2.8696666666666664,0.1467777777777777,3.5,2.307111111111111,23360.94913333333,21385.331377777777,21381.729514444443,15522.16777777778,16007.935788888888,18373.02725555556,18070.46444444445,15180.34,4226220.604111111,109.23748888888888,64372.27777777778,16.61111111111111,220607.14444444445,6.391111111111112,77559.11111111111,749077.7777777778,144069.03333333333,6.137777777777777,8503.955555555556,30.112333333333332,264.9763111111111,271.9326222222222,107.02822222222224,106.96272222222224,213.1266666666667,3.267777777777778,191.2,224.68765555555555,271.30463333333336,1.2050444444444444,1113.6294444444443,112.34799,90.8221,19610.911111111112,4824755.533333333,54822.51111111111,1430662.6444444444,3433997.6,219762.94444444444,5.255111111111112,5.018,4.8197777777777775,14.025,469.79634666666664,4.8133333333333335,20809.03266666667,-17.383333333333333,1705.7444444444443
2021_Q2,18.990607564905996,2.3875824175824176,0.15,0.0161538461538461,0.007692307692307599,0.0687912087912087,0.0796703296703296,0.0682417582417582,2.99065934065934,2.2967032967032965,2.6525274725274723,1.4186813186813183,1.567912087912088,1.4905494505494508,0.1927472527472527,0.0363736263736263,3.4373626373626376,2.777142857142857,0.1327472527472527,3.5,2.5474725274725274,23915.91264835165,21569.416428571425,21491.80903131868,16116.517582417586,16360.056989010991,18398.396967032964,16825.081318681317,15436.228571428572,4378163.076593407,110.87896703296703,64844.868131868134,9.09010989010989,224381.26373626373,3.531868131868132,77540.0,475725.2747252747,145848.9010989011,5.70989010989011,10397.417582417582,30.535384615384622,270.30483516483514,277.1836813186813,108.71774725274726,108.57013186813188,219.31324175824176,4.482417582417583,191.2,234.02603296703296,275.0075274725275,1.2056483516483516,1121.06989010989,111.78925494505496,90.8221,20322.2989010989,5073146.615384615,79577.0,853775.1538461539,3847485.7692307686,592599.2307692308,5.187692307692307,4.753296703296702,4.901868131868132,13.11021978021978,484.5920538461539,4.758021978021978,23220.876263736267,-18.58791208791209,1524.0
2021_Q3,17.767237958818264,2.3394565217391303,0.15,0.05,0.05,0.0906521739130434,0.0835869565217391,0.09,2.865108695652174,2.165652173913044,2.454021739130435,1.097717391304348,1.272391304347826,1.405326086956522,0.2803260869565217,0.0466304347826087,3.2713043478260877,2.5844565217391304,0.0763043478260869,3.5,2.4942391304347824,24767.744010869566,21956.160097826087,21604.85182945652,16513.702173913043,16811.216173913042,18490.85180434783,16710.466304347825,15535.936956521737,4479408.473152175,112.80503260869565,65913.31521739131,7.436956521739131,222715.93478260873,7.357608695652175,77540.0,359456.52173913043,147814.76086956522,4.779347826086957,11052.423913043478,30.959347826086955,274.3346847826087,280.0831304347826,110.14718478260868,109.74218478260869,226.88666304347825,4.664130434782608,191.2,246.94485869565213,280.25989130434783,1.1787543478260871,1159.92,113.3002358695652,90.8221,20753.565217391304,5321168.402173913,78162.53260869565,403686.2282608696,4097598.7065217397,1329187.4456521738,4.774782608695652,4.645652173913043,4.754782608695652,13.19891304347826,497.8623326086956,4.486413043478261,24307.839347826088,-9.5,1410.2282608695652
2021_Q4,18.687629722470906,2.532934782608696,0.15,0.048695652173913,0.05,0.0796739130434782,0.08,0.0794565217391304,3.082173913043478,2.340434782608696,2.488913043478261,1.0025,1.478804347826087,1.5960869565217393,0.717391304347826,0.0858695652173913,3.385108695652174,2.731521739130435,0.1101086956521739,3.5,2.8225,25210.72520652174,21904.46454347826,21720.76453869565,16920.782608695652,17171.203119565216,18305.372347826087,16426.66739130435,15519.89891304348,4544551.196195653,115.09407608695652,65686.61956521739,5.2576086956521735,222821.3478260869,-0.908695652173913,77540.0,243880.43478260873,149647.44565217392,4.040217391304347,11257.391304347826,31.421739130434784,280.6577391304348,285.0868478260869,112.14631521739128,111.39256521739132,233.95020652173918,4.866304347826087,191.2,266.3181956521739,286.47866304347826,1.1434336956521738,1184.0110869565217,115.00761630434783,90.8221,21364.13695652174,5565133.880434782,44950.760869565216,174633.78260869565,4164335.315217391,1787988.6195652173,4.769130434782609,4.572173913043478,4.574782608695652,13.44728260869565,506.1889804347826,4.38304347826087,24817.596304347822,-14.444565217391306,1257.6630434782608
2022_Q1,19.054182990152196,2.5976666666666666,0.1916666666666666,0.0881111111111111,0.0916666666666666,0.1216666666666666,0.2006666666666667,0.1214444444444444,3.829,3.0514444444444444,2.903888888888889,0.49222222222222217,1.6347777777777777,2.2636666666666665,1.9477777777777776,0.5017777777777778,4.295222222222222,3.4724444444444442,0.0951111111111111,3.5777777777777775,3.0426666666666664,25799.232111111112,21919.0512,21839.24923155556,17327.22333333333,17598.990244444445,18552.79,16092.457777777778,15381.15,4630794.544,117.70197777777776,65631.58888888889,2.853333333333333,226446.32222222222,0.2855555555555555,80575.88888888889,224388.88888888888,151270.54444444444,3.7377777777777776,11876.788888888888,31.809333333333328,286.7705888888889,289.2243,114.24418888888891,112.88797777777778,244.46269999999998,5.222222222222223,191.2,290.08102222222226,293.9283111111111,1.1215144444444445,1205.9738888888887,115.51607555555557,90.8221,21701.74,5730773.9,28684.044444444447,616071.1888888889,3842731.911111111,1906550.1222222224,5.0504444444444445,4.732666666666666,4.958888888888889,14.073000000000002,514.7135722222222,4.6,24995.61133333333,-5.896666666666666,1448.8333333333333
2022_Q2,21.915546508504924,2.732307692307692,0.8368131868131868,0.7083516483516483,0.7368131868131867,0.7668131868131868,1.205054945054945,0.7668131868131868,5.266153846153846,4.450769230769231,4.030769230769231,0.218021978021978,1.8262637362637362,2.98010989010989,2.8824175824175824,1.5923076923076924,5.194725274725275,4.141098901098901,0.09,4.576923076923077,3.08043956043956,26266.887703296703,22065.16243956044,21960.205753406597,17685.081318681317,17873.239703296706,19069.17157142857,16092.126373626372,15369.195604395602,4729090.760439561,119.04242857142856,65935.61538461539,2.451648351648352,225357.20879120877,2.673626373626374,80610.0,212307.6923076923,152415.1098901099,3.569230769230769,11450.516483516483,32.21219780219781,293.7147692307692,293.662010989011,116.26224175824176,114.2277912087912,255.7353406593406,5.269230769230769,191.2,318.8208571428572,302.69564835164834,1.064878021978022,1260.3275824175823,118.9504923076923,90.8221,21661.945054945056,5765326.010989011,22381.043956043955,789683.5384615385,3346435.835164835,2246326.945054945,5.3939560439560434,5.2785714285714285,5.466923076923077,14.376703296703296,519.4019076923078,5.136153846153847,25396.71483516484,1.8153846153846154,2269.901098901099
2022_Q3,26.15245734109221,2.4208695652173917,2.253260869565217,2.1303260869565217,2.153260869565217,2.1831521739130437,2.636847826086957,2.182934782608696,5.634347826086957,4.8918478260869565,4.541304347826087,-0.2719565217391304,0.3434782608695652,3.449347826086956,3.80945652173913,3.246413043478261,5.682499999999999,4.569782608695652,0.09,6.086956521739131,2.5768478260869565,26729.252369565216,22247.47340217391,22083.58416130435,17988.690217391304,18105.747869565217,19438.260782608697,16367.516304347826,15560.257608695654,4814114.3092391305,120.14504347826086,66336.63043478261,3.131521739130435,224154.95652173916,3.392391304347825,80610.0,210706.52173913043,153557.55434782608,3.5652173913043486,10494.804347826086,32.55804347826087,296.47178260869566,298.0204565217391,117.40489130434784,115.7459891304348,253.78005434782605,4.833695652173913,191.2,297.8568043478261,310.3686195652174,1.0068826086956522,1340.8808695652174,123.51018369565215,90.8221,21530.40978260869,5706841.347826087,19649.739130434784,611605.6847826086,3218190.3586956523,2503331.4239130435,6.4460869565217385,6.184782608695652,6.281739130434782,14.775652173913043,518.4362282608696,5.659130434782608,24913.94391304348,1.9989130434782607,2966.445652173913
2022_Q4,31.79951047448523,2.343260869565217,3.723369565217392,3.6182608695652174,3.623369565217391,3.6533695652173925,4.056086956521739,3.6533695652173925,6.659673913043479,5.953369565217392,5.952717391304348,-0.5556521739130434,-0.3572826086956521,3.68554347826087,4.335652173913044,4.448804347826087,5.729673913043478,4.585869565217392,0.09,7.358695652173913,2.4105434782608697,27159.68419565217,22401.76134782609,22206.902135869565,18231.567391304347,18501.885554347824,20139.31301086957,16577.56304347826,15601.070652173914,4892687.56076087,121.23910869565216,66669.39130434782,3.7565217391304353,221783.8260869565,2.8065217391304347,80610.0,206967.39130434784,154433.72826086957,3.534782608695652,10627.684782608696,32.94608695652174,299.3026847826087,301.44257608695654,118.53306521739133,117.00504347826087,255.9310217391304,4.413043478260869,191.2,291.9875434782609,315.41746739130434,1.0216260869565217,1359.6326086956522,124.82812282608695,90.8221,21381.709782608697,5552861.847826087,18833.239130434784,504637.11956521746,3089542.5760869565,2540776.3260869565,7.279130434782609,7.156521739130434,6.855217391304348,15.689999999999998,522.7123608695653,6.180869565217392,23552.02728260869,17.133695652173913,3008.6195652173915
2023_Q1,30.45691965085049,2.2884444444444445,4.586111111111112,4.490777777777778,4.486111111111111,4.514555555555556,4.678888888888889,4.514555555555556,6.36888888888889,5.5617777777777775,6.06,-0.6894444444444444,-1.127888888888889,3.6228888888888884,4.284888888888888,4.904,5.606333333333334,4.540666666666667,0.09,7.930555555555556,2.35,27450.598822222222,22537.907077777774,22331.72494722222,18560.53,18683.72941111111,20456.8888,16940.706666666665,15737.157777777775,4939705.232222223,121.79785555555556,66941.97777777778,4.946666666666666,221701.94444444444,2.4044444444444446,80610.0,215833.3333333333,155209.3777777778,3.5011111111111113,9815.5,33.282777777777774,301.9772888888889,305.19817777777774,119.63357777777775,118.3149,254.2032555555556,4.176666666666667,191.2,283.88494444444444,318.3688555555556,1.0729333333333335,1275.5433333333333,120.34732999999999,90.8221,21127.39,5377455.011111111,97898.6,369006.8111111112,3137742.811111111,2497183.2444444443,7.543777777777777,7.692666666666667,7.504888888888888,16.016444444444446,518.7797811111111,6.473333333333334,23721.884,27.38666666666667,3019.8777777777777
2023_Q2,40.10384261414503,2.227912087912088,5.05934065934066,4.966153846153846,4.95934065934066,4.987802197802198,5.083406593406593,4.988131868131869,6.516593406593406,5.877362637362638,6.059999999999999,-0.6713186813186813,-1.6813186813186811,3.7352747252747247,4.525604395604396,5.402197802197802,5.750989010989011,4.657802197802198,0.09,8.406593406593407,2.201868131868132,27962.049945054943,22778.27898901099,22458.349160329675,18753.849450549453,18926.31378021978,20664.106274725276,17050.395604395606,15852.225274725277,4980188.8679120885,122.7574065934066,67492.91208791209,4.938461538461538,222505.6813186813,4.3780219780219785,80610.0,232428.57142857145,155828.1208791209,3.565934065934066,9052.604395604396,33.67879120879121,303.9916703296703,308.2638681318681,120.38458241758241,119.31449450549452,251.924043956044,3.6439560439560443,191.2,275.9006483516484,320.0025054945055,1.0882087912087912,1315.3549450549451,119.61676043956044,90.8221,20750.73186813187,5204218.241758241,306929.6373626374,176806.37362637362,3237579.175824176,2548954.527472528,8.058131868131868,7.856153846153846,8.010989010989011,15.396923076923082,516.1599120879122,6.641428571428572,24588.06879120879,14.74175824175824,3831.978021978022
2023_Q3,35.859904923903315,2.325434782608696,5.3293478260869565,5.234347826086957,5.229347826086956,5.259021739130435,5.327717391304348,5.259239130434783,7.052282608695651,6.406195652173913,6.06,-0.7692391304347825,-1.385108695652174,4.436413043478261,4.993260869565217,5.571847826086957,6.256413043478261,5.215543478260869,0.09,8.146739130434783,2.2357608695652176,28293.38797826087,22958.647097826084,22586.78846054348,18998.885869565216,19167.532619565216,20910.796989130435,17111.81195652174,15962.657608695652,4990171.138152174,123.23585869565217,67854.09782608696,4.534782608695652,223666.85869565216,3.21304347826087,80610.0,231032.60869565216,156335.96739130435,3.7945652173913054,9044.58695652174,33.979891304347824,307.01547826086954,310.52867391304346,121.24694565217392,119.95623913043478,257.1599456521739,3.6184782608695656,191.2,288.97308695652174,322.07146739130434,1.0880978260869565,1313.3766304347826,120.22704021739128,90.8221,20683.130434782608,5024363.771739131,248680.902173913,514533.25,3208761.2065217397,1994228.3695652173,8.43695652173913,8.056086956521739,8.478695652173913,15.874673913043482,507.3977717391304,6.808804347826088,24087.338043478263,14.6,16127.978260869566
2023_Q4,40.272405684870186,2.292173913043478,5.4,5.323586956521739,5.3,5.33,5.33,5.33,7.276739130434782,6.586956521739131,6.06,-0.361304347826087,-1.0864130434782608,4.203260869565217,4.5625,5.471956521739131,5.882826086956522,4.973804347826087,0.09,8.0,2.230217391304348,28620.513543478257,23052.534728260867,22716.717549891306,19246.766304347828,19422.007380434785,21373.51866304348,17305.132608695654,16148.747826086958,5028437.914891304,124.15297826086956,67979.66304347826,4.827173913043478,221488.0760869565,1.6173913043478263,80610.0,211402.1739130435,156873.70652173914,3.734782608695653,8572.75,34.31913043478261,308.85021739130434,313.2996304347826,121.70430434782611,120.64629347826087,254.79082608695654,3.5184782608695646,191.2,280.8330434782609,324.04903260869565,1.0768489130434782,1321.081739130435,121.79017717391304,90.8221,20731.004347826085,4851867.673913044,153108.63043478262,729805.8586956522,3396777.0217391304,1300755.8369565215,8.549130434782608,8.195652173913043,8.500434782608695,17.007608695652173,501.4695641304347,6.735434782608697,23677.88782608696,6.390217391304348,13415.29347826087
2024_Q1,39.767741495076095,2.29,5.4,5.315274725274725,5.3,5.33,5.33,5.33,6.755054945054946,6.058681318681319,6.059999999999999,-0.3232967032967033,-1.28989010989011,4.317142857142858,4.662307692307692,5.4496703296703295,5.838461538461538,5.104285714285714,0.09,8.0,2.31,29012.399219780214,23222.0339010989,22848.422307692308,19519.16483516484,19679.864670329676,21566.53454945055,17463.82087912088,16246.912087912087,5049910.235384615,124.93442857142855,68316.27472527472,5.2384615384615385,220211.18681318685,2.9846153846153847,80610.0,212296.7032967033,157466.95604395604,3.897802197802198,8060.769230769231,34.64989010989011,312.0116373626374,316.5996923076923,122.867,121.78381318681316,258.0007802197802,3.032967032967033,191.2,285.7832747252747,325.5162197802198,1.085312087912088,1330.1697802197805,121.02187802197804,90.8221,20896.13626373626,4672995.208791208,163633.5054945055,786393.4835164836,3526951.4175824174,911084.2747252748,8.621868131868132,8.207032967032967,8.351648351648352,16.634285714285713,497.25678571428574,6.269560439560439,24163.41593406593,9.761538461538462,15086.087912087913
2024_Q2,50.08780165622203,2.332087912087912,5.4,5.32032967032967,5.3,5.33,5.33,5.33,6.99967032967033,6.277802197802197,6.059999999999999,-0.3774725274725274,-1.013076923076923,4.34945054945055,4.704505494505495,5.467252747252747,5.871208791208791,5.1680219780219785,0.09,8.0,2.337252747252747,29370.97773626374,23398.35567032967,22979.875494505493,19767.225274725275,19935.614824175824,21661.532670329667,17510.18131868132,16287.894505494507,5068096.119890111,125.5255274725275,68691.86813186813,4.676923076923077,221379.2307692308,3.098901098901099,80610.0,223725.27472527474,157911.2857142857,4.096703296703297,7604.802197802199,34.9832967032967,313.27132967032964,318.4272087912088,123.38536263736265,122.48415384615384,256.8857362637363,3.069230769230769,191.2,281.0034945054945,326.9690549450549,1.0767516483516484,1370.7927472527472,122.9116978021978,90.8221,20980.796703296703,4498764.472527472,123962.36263736266,768625.3736263736,3383837.5384615385,815711.2197802198,8.636813186813187,8.331868131868132,8.61010989010989,16.62010989010989,490.81579230769233,6.2990109890109895,23958.70505494505,0.10769230769230771,15993.131868131866
2024_Q3,50.989475335720684,2.1647826086956523,5.334782608695653,5.276304347826087,5.234782608695652,5.264782608695652,5.105,5.264782608695652,6.476521739130435,5.654021739130434,6.06,-0.0878260869565217,-1.2733695652173913,3.896086956521739,3.857826086956522,4.99054347826087,5.55141304347826,4.833913043478261,0.09,7.970108695652174,2.0423913043478263,29720.07106521739,23540.80492391304,23111.905,20020.230434782607,20252.00902173913,21890.501206521734,17526.43152173913,16298.376086956527,5095275.101956522,126.24911956521738,69002.63043478261,4.003260869565217,223171.69565217395,2.407608695652174,80610.0,231478.26086956516,158243.61956521738,4.134782608695652,7452.728260869564,35.340760869565216,314.81917391304347,320.7475978260869,123.96636956521739,123.23844565217392,257.5150760869565,2.735869565217392,191.2,273.9891956521739,328.9469347826087,1.0990445652173912,1354.8575,122.92189130434782,90.8221,21114.55217391304,4404606.826086956,103997.27173913045,776012.1413043478,3275753.163043478,766508.6086956522,8.297391304347826,8.021739130434783,8.049130434782608,16.540869565217392,484.8400652173913,6.142717391304347,24146.47097826087,4.055434782608695,15741.869565217392
2024_Q4,53.716704610564015,2.3019565217391302,4.717934782608696,4.670217391304348,4.610869565217391,4.647934782608695,4.488804347826087,4.647934782608695,6.668369565217391,5.872282608695652,6.06,0.13,-0.2934782608695652,4.455,4.250326086956521,4.454782608695652,5.8827173913043485,5.261847826086957,0.09,7.605978260869566,2.324891304347826,29974.87365217392,23526.261782608693,23241.80826086957,20346.25326086957,20523.34515217391,22231.31729347826,17610.531521739133,16384.604347826087,5029372.490543478,127.41032608695652,68873.45652173914,3.638043478260869,224657.2934782609,-0.2706521739130434,80610.0,224065.21739130432,158863.01086956522,4.10108695652174,7768.217391304347,35.70315217391305,317.67557608695654,323.5209456521739,124.7895,124.02316304347823,261.19088043478257,2.894565217391305,191.2,278.1463260869565,331.73204347826083,1.0659913043478262,1400.6146739130436,126.10065217391303,90.8221,21459.70760869565,4332200.945652174,38660.141304347824,787935.1521739131,3205470.7391304346,631294.2934782609,7.852608695652173,7.963478260869565,7.989565217391303,16.54,485.50671195652177,6.039999999999999,24148.56,-3.714130434782609,15739.0
2025_Q1,69.93758097582811,2.3857777777777778,4.4,4.329777777777778,4.25,4.33,4.33,4.33,6.8147777777777785,6.004222222222222,6.06,0.3013333333333333,0.11622222222222221,4.342444444444444,3.9926666666666666,4.329888888888889,6.011555555555555,5.355555555555555,0.09,7.5,2.541444444444444,29977.63200000001,23526.085,23374.59388888889,20604.266666666663,20526.289,22235.035,17753.804444444442,16460.98777777778,5003201.744111111,127.423,68872.0,3.9688888888888885,224944.7,-0.3,80610.0,221677.77777777775,159332.0888888889,4.163333333333333,7297.533333333334,35.98366666666667,319.89956666666666,325.8424,125.7457222222222,125.03267777777782,261.11024444444445,4.74,191.2,279.28642222222226,334.2702444444445,1.0525755555555556,1451.9005555555557,127.88718111111109,90.8221,21731.533333333333,4257078.822222223,5209.666666666667,599450.4555555555,3340335.2333333334,528437.6222222223,7.710000000000001,8.04,8.16,16.54,486.3373511111111,6.04,24148.56,1.8366666666666664,15739.0
2025_Q2,81.70378052820054,2.272280701754386,4.4,4.3201754385964914,4.25,4.33,4.33,4.33,6.778421052631579,5.933684210526316,6.06,0.5110526315789473,0.0143859649122807,4.28,3.78,4.32,6.18,5.45,0.09,7.5,2.356666666666667,29977.632,23526.085,23376.07,20653.3,20526.289,22235.035,17786.1,16500.4,5006811.69,127.423,68872.0,3.9,226064.0,-0.3,80610.0,227105.26315789472,159517.0,4.2,7192.0,36.06,320.321,326.43000000000006,125.732,125.052,259.684,5.0,191.2,278.118,334.61600000000004,1.1224140350877194,1420.876842105263,123.83046140350876,90.8221,22028.9,4216370.157894737,4364.473684210527,532497.0701754387,3252948.333333333,532654.1228070175,7.709999999999999,8.04,8.16,16.54,489.13469298245604,6.040000000000001,24148.56,1.9,15739.0
2025_Q3,76.41745022381379,,,,,,,,,,,,,,,,,,,,,,,,,,,,,,,,,,,,,,,,,,,,,,,,,,,,,,,,,,,,,,,,,,,,
2025_Q4,78.2536114592659,,,,,,,,,,,,,,,,,,,,,,,,,,,,,,,,,,,,,,,,,,,,,,,,,,,,,,,,,,,,,,,,,,,,
2026_Q1,87.69831177260518,,,,,,,,,,,,,,,,,,,,,,,,,,,,,,,,,,,,,,,,,,,,,,,,,,,,,,,,,,,,,,,,,,,,
2026_Q2,83.87660008952552,,,,,,,,,,,,,,,,,,,,,,,,,,,,,,,,,,,,,,,,,,,,,,,,,,,,,,,,,,,,,,,,,,,,
2026_Q3,92.60198057296328,,,,,,,,,,,,,,,,,,,,,,,,,,,,,,,,,,,,,,,,,,,,,,,,,,,,,,,,,,,,,,,,,,,,
2026_Q4,89.7022445389436,,,,,,,,,,,,,,,,,,,,,,,,,,,,,,,,,,,,,,,,,,,,,,,,,,,,,,,,,,,,,,,,,,,,
2027_Q1,102.4307397045658,,,,,,,,,,,,,,,,,,,,,,,,,,,,,,,,,,,,,,,,,,,,,,,,,,,,,,,,,,,,,,,,,,,,
2027_Q2,108.89305407341092,,,,,,,,,,,,,,,,,,,,,,,,,,,,,,,,,,,,,,,,,,,,,,,,,,,,,,,,,,,,,,,,,,,,
2027_Q3,116.95348616830796,,,,,,,,,,,,,,,,,,,,,,,,,,,,,,,,,,,,,,,,,,,,,,,,,,,,,,,,,,,,,,,,,,,,
2027_Q4,113.22689386750223,,,,,,,,,,,,,,,,,,,,,,,,,,,,,,,,,,,,,,,,,,,,,,,,,,,,,,,,,,,,,,,,,,,,
2028_Q1,148.89559534467324,,,,,,,,,,,,,,,,,,,,,,,,,,,,,,,,,,,,,,,,,,,,,,,,,,,,,,,,,,,,,,,,,,,,
2028_Q2,146.04628737690243,,,,,,,,,,,,,,,,,,,,,,,,,,,,,,,,,,,,,,,,,,,,,,,,,,,,,,,,,,,,,,,,,,,,
2028_Q3,128.73120707251564,,,,,,,,,,,,,,,,,,,,,,,,,,,,,,,,,,,,,,,,,,,,,,,,,,,,,,,,,,,,,,,,,,,,
2028_Q4,120.7788629364369,,,,,,,,,,,,,,,,,,,,,,,,,,,,,,,,,,,,,,,,,,,,,,,,,,,,,,,,,,,,,,,,,,,,
2029_Q1,133.57760841539837,,,,,,,,,,,,,,,,,,,,,,,,,,,,,,,,,,,,,,,,,,,,,,,,,,,,,,,,,,,,,,,,,,,,
2029_Q2,127.90493348254253,,,,,,,,,,,,,,,,,,,,,,,,,,,,,,,,,,,,,,,,,,,,,,,,,,,,,,,,,,,,,,,,,,,,
2029_Q3,124.62203124440465,,,,,,,,,,,,,,,,,,,,,,,,,,,,,,,,,,,,,,,,,,,,,,,,,,,,,,,,,,,,,,,,,,,,
2029_Q4,128.7383603849597,,,,,,,,,,,,,,,,,,,,,,,,,,,,,,,,,,,,,,,,,,,,,,,,,,,,,,,,,,,,,,,,,,,,
2030_Q1,135.11024279319608,,,,,,,,,,,,,,,,,,,,,,,,,,,,,,,,,,,,,,,,,,,,,,,,,,,,,,,,,,,,,,,,,,,,
2030_Q2,143.8232322739481,,,,,,,,,,,,,,,,,,,,,,,,,,,,,,,,,,,,,,,,,,,,,,,,,,,,,,,,,,,,,,,,,,,,
2030_Q3,136.08008746642793,,,,,,,,,,,,,,,,,,,,,,,,,,,,,,,,,,,,,,,,,,,,,,,,,,,,,,,,,,,,,,,,,,,,
2030_Q4,137.87808585496867,,,,,,,,,,,,,,,,,,,,,,,,,,,,,,,,,,,,,,,,,,,,,,,,,,,,,,,,,,,,,,,,,,,,
2031_Q1,151.5005834825425,,,,,,,,,,,,,,,,,,,,,,,,,,,,,,,,,,,,,,,,,,,,,,,,,,,,,,,,,,,,,,,,,,,,
2031_Q2,140.87241423455686,,,,,,,,,,,,,,,,,,,,,,,,,,,,,,,,,,,,,,,,,,,,,,,,,,,,,,,,,,,,,,,,,,,,
2031_Q3,135.13856683079678,,,,,,,,,,,,,,,,,,,,,,,,,,,,,,,,,,,,,,,,,,,,,,,,,,,,,,,,,,,,,,,,,,,,
2031_Q4,139.30254709042077,,,,,,,,,,,,,,,,,,,,,,,,,,,,,,,,,,,,,,,,,,,,,,,,,,,,,,,,,,,,,,,,,,,,
2032_Q1,141.4465936884512,,,,,,,,,,,,,,,,,,,,,,,,,,,,,,,,,,,,,,,,,,,,,,,,,,,,,,,,,,,,,,,,,,,,
2032_Q2,151.91732685765442,,,,,,,,,,,,,,,,,,,,,,,,,,,,,,,,,,,,,,,,,,,,,,,,,,,,,,,,,,,,,,,,,,,,
2032_Q3,142.32068567591764,,,,,,,,,,,,,,,,,,,,,,,,,,,,,,,,,,,,,,,,,,,,,,,,,,,,,,,,,,,,,,,,,,,,
2032_Q4,146.7587475828111,,,,,,,,,,,,,,,,,,,,,,,,,,,,,,,,,,,,,,,,,,,,,,,,,,,,,,,,,,,,,,,,,,,,
2033_Q1,152.55773737690242,,,,,,,,,,,,,,,,,,,,,,,,,,,,,,,,,,,,,,,,,,,,,,,,,,,,,,,,,,,,,,,,,,,,
2033_Q2,159.0325929722471,,,,,,,,,,,,,,,,,,,,,,,,,,,,,,,,,,,,,,,,,,,,,,,,,,,,,,,,,,,,,,,,,,,,
2033_Q3,150.6013610116383,,,,,,,,,,,,,,,,,,,,,,,,,,,,,,,,,,,,,,,,,,,,,,,,,,,,,,,,,,,,,,,,,,,,
2033_Q4,152.82683187108327,,,,,,,,,,,,,,,,,,,,,,,,,,,,,,,,,,,,,,,,,,,,,,,,,,,,,,,,,,,,,,,,,,,,
2034_Q1,159.33319892569384,,,,,,,,,,,,,,,,,,,,,,,,,,,,,,,,,,,,,,,,,,,,,,,,,,,,,,,,,,,,,,,,,,,,
2034_Q2,168.51000702775292,,,,,,,,,,,,,,,,,,,,,,,,,,,,,,,,,,,,,,,,,,,,,,,,,,,,,,,,,,,,,,,,,,,,
2034_Q3,159.07449373321396,,,,,,,,,,,,,,,,,,,,,,,,,,,,,,,,,,,,,,,,,,,,,,,,,,,,,,,,,,,,,,,,,,,,
2034_Q4,163.83830071620412,,,,,,,,,,,,,,,,,,,,,,,,,,,,,,,,,,,,,,,,,,,,,,,,,,,,,,,,,,,,,,,,,,,,
2035_Q1,169.14221423455683,,,,,,,,,,,,,,,,,,,,,,,,,,,,,,,,,,,,,,,,,,,,,,,,,,,,,,,,,,,,,,,,,,,,
2035_Q2,179.39989579230078,,,,,,,,,,,,,,,,,,,,,,,,,,,,,,,,,,,,,,,,,,,,,,,,,,,,,,,,,,,,,,,,,,,,
2035_Q3,168.62148607878245,,,,,,,,,,,,,,,,,,,,,,,,,,,,,,,,,,,,,,,,,,,,,,,,,,,,,,,,,,,,,,,,,,,,
2035_Q4,173.04277788719784,,,,,,,,,,,,,,,,,,,,,,,,,,,,,,,,,,,,,,,,,,,,,,,,,,,,,,,,,,,,,,,,,,,,
2036_Q1,187.24407068039392,,,,,,,,,,,,,,,,,,,,,,,,,,,,,,,,,,,,,,,,,,,,,,,,,,,,,,,,,,,,,,,,,,,,
2036_Q2,190.30624897045658,,,,,,,,,,,,,,,,,,,,,,,,,,,,,,,,,,,,,,,,,,,,,,,,,,,,,,,,,,,,,,,,,,,,
2036_Q3,173.22642726051924,,,,,,,,,,,,,,,,,,,,,,,,,,,,,,,,,,,,,,,,,,,,,,,,,,,,,,,,,,,,,,,,,,,,
2036_Q4,167.84337694717993,,,,,,,,,,,,,,,,,,,,,,,,,,,,,,,,,,,,,,,,,,,,,,,,,,,,,,,,,,,,,,,,,,,,
2037_Q1,162.37086132497762,,,,,,,,,,,,,,,,,,,,,,,,,,,,,,,,,,,,,,,,,,,,,,,,,,,,,,,,,,,,,,,,,,,,
2037_Q2,159.62183558639214,,,,,,,,,,,,,,,,,,,,,,,,,,,,,,,,,,,,,,,,,,,,,,,,,,,,,,,,,,,,,,,,,,,,
2037_Q3,145.1289141897941,,,,,,,,,,,,,,,,,,,,,,,,,,,,,,,,,,,,,,,,,,,,,,,,,,,,,,,,,,,,,,,,,,,,
2037_Q4,145.0442457027753,,,,,,,,,,,,,,,,,,,,,,,,,,,,,,,,,,,,,,,,,,,,,,,,,,,,,,,,,,,,,,,,,,,,
